account_id,company_name,company_address,contact_person,contact_phone,gender,joining_date
1,Contreras-Wright,"114 York Fork
North Shelbyborough, SD 08296",Chelsey Beltran,595.002.7266,F,23-10-16
2,Downs-Simmons,"Unit 4570 Box 3823
DPO AA 82280",Todd Jones,(485)096-9796x7780,M,09-11-17
3,Schmidt-Fitzgerald,"PSC 5639, Box 1324
APO AE 40358",Christopher Hughes,927-440-6857x21026,M,27-09-17
4,Everett and Sons,"75092 Robert Lakes
New Lindahaven, WI 52050",Gary Kelly,+1-277-558-9557x268,M,18-04-17
5,"Kelley, Lopez and Wolf","21802 Sherry Underpass Suite 588
West Jerryville, RI 32970",Felicia Macias,(110)736-5459,F,31-01-18
6,Mullen PLC,"6012 Elizabeth Islands Suite 689
Sarahshire, WI 09427",Rebecca Mcknight,+1-232-492-4506,F,23-04-19
7,Curry and Sons,"473 Erik Divide Suite 172
Port Danielle, ND 05706",Jeffery Harris,+1-520-397-4228x1402,M,31-08-17
8,"Williams, Smith and Buchanan","9888 Morrow Summit Suite 689
West Cynthiatown, WI 77744",Christian Davis,5190999678,M,25-09-17
9,Jackson-Reid,"3273 Brandon Stream
West Sandrafurt, NC 99564",Ross Lewis Jr.,(126)804-7960,M,17-01-18
10,"Cohen, Serrano and Hunter","6415 Frederick Shoal
Mistyshire, CA 26662",Gregory Robles,3486985302,M,11-05-18
11,Williams LLC,"410 David Extensions Apt. 620
Danielmouth, MA 71944",John Sutton,001-599-721-8920,M,28-10-18
12,Patrick-Byrd,"1930 Hernandez Corner Suite 250
Jasonland, GA 15571",Danny Lopez,001-532-894-2151,M,22-09-17
13,"Bauer, Cruz and Smith","4886 Boyd Brooks Apt. 808
Markmouth, AR 46102",Martin Li,+1-984-090-1566x811,M,20-04-19
14,"Howard, Vega and Chen","564 White Pike Suite 650
Port Kenneth, IA 46122",Samantha Jackson,001-639-424-0631,F,22-12-18
15,"Phillips, Robinson and Durham","113 Camacho Coves
Susanview, MD 37223",Sarah Nguyen,131-246-1006x19302,F,30-08-17
16,Martinez-Garcia,"62123 Lynch Station
New James, AK 68371",Christopher Ellis,5050982363,M,12-04-18
17,Fletcher-Hayes,"8148 Carroll Summit Apt. 685
East Stephanie, ND 93278",Douglas Maxwell,+1-577-607-5627,M,21-07-16
18,Gilbert-Brooks,"1452 Carol Camp
Lake Michael, WA 45866",Carol Durham,558-658-4157x39329,F,21-02-18
19,Patel-Wolfe,"355 Katrina Hill Suite 266
East Jorgefort, IN 31483",Caitlin Harris,385.811.5907,F,08-03-17
20,Johnson Inc,"52511 Jimenez Crescent
Port Christinaland, RI 67820",Crystal Williams,251-141-5614x54946,F,09-06-18
21,"Hayes, Dominguez and Brown","18905 Martin Ways Apt. 493
East Marcoside, MI 09180",Erin Doyle,001-091-768-2503,F,29-03-17
22,Campbell-Johnston,"USNV Romero
FPO AE 89977",Christine Robinson,001-397-536-2385x078,F,22-08-16
23,Holloway-Watkins,"3914 Janet Island
Sheribury, PA 20640",Brian Harris,001-575-898-4735,M,17-02-18
24,Reynolds-Manning,"2576 Cunningham Village Apt. 212
Port Shane, ND 37213",Rebecca Snyder,460.242.4605x6153,F,09-09-17
25,"Ballard, Terrell and Hill","7370 Thomas Place
Alexanderbury, IA 64957",Rachel Mendoza,847-971-1165,F,05-06-18
26,Golden-Powell,"04861 Becker Springs
Hoffmanbury, AL 05264",Sarah Cooper,001-587-500-1623x926,F,05-02-19
27,Callahan LLC,"55254 Corey Meadows
Port Michelle, RI 81718",Joshua Bray,423.843.4719x42816,M,28-01-17
28,Cobb-Montes,"549 Garcia Valley
East Bernard, NE 14169",Jenny Gomez,+1-990-194-8390x75717,F,18-06-17
29,Valenzuela Ltd,"8372 Stephanie Meadow
Christophershire, RI 42372",Melissa Williams,8330950764,F,24-08-18
30,"Braun, Allen and Ward","04732 Valerie Field
Port Lawrence, HI 18384",Michael Wood,810-602-0602x1696,M,05-11-16
31,Miller-Frazier,"56979 Kayla Centers
Pierceport, MD 89477",Laurie Wallace,001-233-062-8321x61899,F,26-05-16
32,Savage-Hawkins,"0328 Bryant Stravenue
Grossville, MD 81300",John Taylor,349-574-4922,M,16-09-17
33,Jones LLC,"8662 Jones Islands
New Frank, NV 72041",Jennifer Hansen,457.378.1932x5852,F,03-03-19
34,Davis-Pruitt,"37642 Brittany Pass Apt. 945
East Lauren, PA 77160",Emily Castillo,385.799.6437x390,F,03-07-17
35,"Reynolds, Chung and Golden","6568 Aaron Light
Brightland, RI 30027",Peter Cross,024.505.8733,M,27-01-17
36,May Ltd,"29496 Sims Lock Suite 535
Michaelbury, ND 11888",Charles Wiggins,248-050-7763x4989,M,25-01-19
37,"Wilson, Greene and Snyder","627 Nguyen Glen
North Donnaland, LA 60153",Scott Downs,001-583-848-5660x354,M,21-01-18
38,"Holland, Smith and Wright","991 Johnson Mount Apt. 702
Grahamborough, MO 28421",Amanda King,925-082-7025x0860,F,03-03-17
39,Jones Inc,"634 Mullins Stream Apt. 317
Glennview, SD 80798",Molly Burton,577.695.1285x31061,F,01-12-17
40,"Walker, Ruiz and Hickman","9758 Jill Ports Suite 499
East James, WV 44440",Stephen Woodard II,(622)452-9362,M,15-08-17
41,Mccoy and Sons,"4053 Williams Course
Williamsmouth, AR 49726",Aimee Russell,491.793.5155x0479,F,21-03-19
42,"Watson, Torres and Wade","288 Jackson Squares
South Robert, KY 61713",Steven Gonzales,001-997-346-5989,M,24-08-17
43,"Ward, Martinez and Guzman","23928 Irwin Port
East Christopherbury, MO 06757",Monique Dickerson,+1-890-462-8956x551,F,03-07-17
44,Spencer and Sons,"408 Amanda Fall
Andrewland, AL 05521",Tiffany White,(811)684-2712x67904,F,24-04-18
45,Davis PLC,"77018 Shelia Viaduct Apt. 463
Emilyview, TX 27028",Kaylee Mcdonald,+1-776-380-9431x00278,F,08-01-17
46,Thompson-Schmidt,"88204 Wolf Lane Suite 478
Lake Jonathan, ND 72312",Valerie Gutierrez,(390)134-6440,F,14-05-17
47,Steele-Valenzuela,"1985 Robinson Views Apt. 226
Williamfurt, TN 14223",Mark Miller,467.214.5179,M,22-03-18
48,Taylor PLC,"735 Jack Drives
East Margaret, MI 95820",April Jones,470.246.7452x44623,F,31-08-18
49,"Hudson, Snyder and Carroll","56866 Wise Street
Waltersbury, WA 02205",Bryan King,(788)281-9687x15161,M,03-05-19
50,Miller and Sons,"8701 Zimmerman Village
Meredithshire, NE 58666",Walter Coleman,+1-424-055-9335x966,M,27-04-17
51,Allen Group,"80501 Houston Mountains
East Danaville, CO 68647",Michael Freeman,916-082-8514,M,28-05-17
52,"Robinson, Proctor and Smith","4421 Rios Club Suite 401
Shanefort, WI 63732",Justin Johnson,2857728946,M,28-06-16
53,Simpson Ltd,"108 Austin Meadows Apt. 658
North Jenniferport, OK 06398",Kyle Jackson,+1-894-616-4038x50950,M,04-05-18
54,Chapman LLC,"207 Bryant Rapid Suite 464
Courtneymouth, MS 52760",Bradley Carson,300-590-0688,M,15-02-18
55,Williams Inc,"Unit 1305 Box 1965
DPO AP 49616",Robert White,(044)908-5893,M,01-12-17
56,"Gould, Burton and Martinez","71013 Christensen Crest
Stephenport, AZ 56701",Ruth Perkins,705.495.9518,F,27-02-17
57,"Thomas, Navarro and Lester","12250 Vazquez Extension
North Bobbyport, FL 77464",Jennifer Meyer,5640643247,F,28-07-16
58,"Williams, Powell and Leonard","81055 Rachael Roads Suite 819
South Davidberg, MT 24387",Eric Martin,(608)359-3421x495,M,29-05-17
59,Padilla LLC,"1531 Reyes Mount
Jamesbury, UT 42673",Felicia Perry,001-870-156-4717,F,03-11-17
60,Mitchell Ltd,"1233 Alvarado Street
Ramirezstad, SC 97943",James Salazar,001-096-498-2341,M,11-05-18
61,Fuller and Sons,"8689 Byrd Garden
North Catherinechester, TN 21750",Bruce Moore,+1-612-926-9027x74548,M,04-01-19
62,Jackson-Barnes,"2534 Paul Views Suite 931
Ginashire, VA 39132",Elizabeth Andrews,001-942-109-9953x6083,F,17-04-17
63,Underwood-Rodriguez,"3411 Whitney Street
Turnerfort, SD 69683",Jeremy Cross,1383386247,M,23-09-18
64,"Bishop, Mejia and Downs","942 Elizabeth Dale
West Tannermouth, RI 26931",Louis Young,+1-619-646-7705x2290,M,02-03-18
65,Wells-Douglas,"89231 Ronnie Port
Gallagherstad, SC 81890",David Scott,576-825-2057,M,15-07-18
66,Mcfarland-Stephens,"171 Huang Drive Suite 732
Jamesshire, IN 21073",Jessica Simmons,468.817.0877x32511,F,15-09-17
67,Barnett Group,"627 Matthew Prairie
Lake Jasonmouth, DC 44266",Heather Harris,(834)258-8098x26900,F,17-04-17
68,"Jacobson, Ortega and Watts","278 Emma Village Suite 516
Samuelview, VA 84200",Casey Pruitt,(983)113-5615x6835,M,07-12-17
69,Simpson LLC,"5540 Phillips Center Suite 875
West Tara, TX 20945",Lisa Russell,001-332-179-6666x4149,F,04-05-17
70,Park-Booker,"71948 James Cove Apt. 116
New Anthonystad, CA 13807",Gilbert Lopez,001-505-349-9649x071,M,16-08-17
71,"Delgado, King and Coleman","366 Rodney Pass Apt. 942
East Lorichester, KY 24597",Wendy Martinez,741-100-0447x45351,F,18-09-18
72,"Farrell, Moreno and Herrera","PSC 6627, Box 2430
APO AP 84406",Autumn Hubbard,7456612171,F,04-09-18
73,Thompson LLC,"9151 Kelly Flat
Jeanettehaven, CA 88222",Michelle Bowers,700-128-1474x1906,F,05-12-18
74,Hayes Group,"53072 Petersen Flat Apt. 436
North Heatherbury, NH 57127",Cheryl Ferguson,(585)617-6045x23388,F,02-11-17
75,Bryant-Williams,"23037 Teresa Crossing Suite 222
Nataliestad, NE 87549",Michael Collins,001-313-050-2654,M,11-06-16
76,Lewis Ltd,"4809 Fuller Villages Suite 672
East Thomas, NM 50628",Kristi Chang,001-141-028-2824x86527,F,25-03-19
77,"Fisher, White and Grimes","75713 Charles Squares Apt. 556
Lake Charles, WV 56358",Arthur Davis,001-103-390-4919x7373,M,13-06-16
78,Macdonald-Sanchez,"6495 Hammond Lodge
Garciaton, MN 69187",William Maxwell,592.720.7725x798,M,09-09-16
79,"Holloway, Bennett and Stafford","7033 Logan Shores Apt. 671
East Doriston, WV 94848",Debra Torres,470.751.4268x53281,F,20-04-19
80,"Wise, Baker and Gonzales","52905 Caitlin Lane
Kyleshire, WI 58641",Beth Barnes MD,317.877.9645x82053,F,02-12-17
81,"Williams, Fox and Singh","65330 Rachel Row Apt. 155
Barbarastad, MD 34631",Kristin Parks,001-035-295-0991x792,F,23-10-16
82,"Craig, Johnson and Rush","249 Dougherty Key Suite 626
Markhaven, IA 18536",Jeffrey Wallace,6692016955,M,31-01-19
83,Medina Group,"77531 Bryan Light
Jacquelineborough, NV 44423",Todd Reyes,+1-169-500-195,M,05-12-17
84,Grimes LLC,"703 Laura Tunnel Apt. 251
Lake Michael, WI 83007",Terry Cook,(569)616-4419x42573,M,02-12-18
85,Stevens-Martinez,"5989 Kayla Inlet Apt. 947
Lake Tammy, DC 85914",Lance Johnson,838.972.4345x29547,M,14-02-19
86,"Haley, Kim and Zimmerman","55579 Davila Passage
Lake Todd, OK 63049",Jennifer Johnston,001-534-209-4319,F,28-01-19
87,"Shea, Fritz and Thomas","39813 Wells Ferry
Vaughnhaven, IN 61716",Diana Padilla,942.727.9096x368,F,03-12-18
88,Williams-Mills,"81087 Joseph Lock Suite 144
Rhondaborough, WI 49724",Sean Davis,(197)729-4742x28095,M,06-06-16
89,Miller-Hall,"91819 Lin Keys
West Alicia, WV 65227",Daniel Mack,(124)531-7467x210,M,09-11-17
90,Jefferson and Sons,"4187 Pope Place Suite 869
New Erica, SD 49415",Jonathan Shelton,2020455133,M,23-01-17
91,Wade-Peterson,"5050 Walter Skyway Apt. 936
West Davidberg, PA 75495",Christopher Jensen,218-286-3265x3128,M,18-04-18
92,"Aguilar, Dean and York","2631 Hawkins Course
Billyton, DC 42948",Christopher Vincent,(823)401-3955,M,10-03-18
93,Frye-Frank,"35783 Stewart Views
Breannamouth, MN 83679",Veronica Schneider,9958273819,F,26-09-17
94,"Burton, Glass and Mack","5592 Vargas Spring
New Kimberly, IN 27539",Gregory Lucero,(736)008-3531x1021,M,22-12-16
95,"Ochoa, Arias and Rose","5650 Nguyen Keys Suite 532
Michaelville, IL 56329",Kyle Harris,896-696-3026x137,M,17-06-17
96,Colon-Hunter,"06087 Smith Villages
Camposview, AZ 34378",Melissa Brown,+1-894-988-4711x032,F,28-08-17
97,Rogers-Rodgers,"6307 Bell Lane Apt. 341
Carrillomouth, SD 15327",Benjamin Vargas,727-587-8721x864,M,06-04-17
98,Cunningham Group,"133 Michael Courts
South Dylan, VA 60757",Joseph Miller,001-187-310-6571x81334,M,23-05-16
99,Stevenson Inc,"Unit 2296 Box 8103
DPO AE 26923",Ashley Rojas,+1-614-427-7847x9822,F,25-04-19
100,"Collins, Holmes and Ortiz","3470 George Centers Apt. 792
Smithport, NH 52384",Sandra Sanchez,740.320.8264x847,F,26-03-17
101,Wallace Inc,"58903 Higgins Viaduct Apt. 299
New Angelaport, ID 79405",Michael Perez,+1-076-926-6157x606,M,05-04-17
102,Sullivan Inc,"56030 Raymond Cove Apt. 353
Copelandside, AK 03158",Robert Clarke,001-781-919-5899x68704,M,22-09-18
103,"Harris, Sparks and Johnston","USNV Stephens
FPO AA 62170",Melanie Nicholson,+1-477-767-7392,F,10-10-16
104,"Mitchell, Armstrong and Chandler","30271 Sheila Island Apt. 836
Lake Samanthabury, NH 22128",Gregory French,+1-176-520-6318x25683,M,20-10-16
105,"Herring, Lin and Baker","591 Karen Mountains
South Christopherport, VA 61745",Kimberly Williams,(514)810-5051,F,08-12-18
106,"Mendoza, Whitaker and Fowler","24715 Mata Locks Apt. 068
Kennethborough, ID 23170",Elizabeth Moreno,(064)209-6594x919,F,12-08-16
107,Brown-Hernandez,"0209 Phillips Streets
North Jeromeview, AK 34430",Richard Miller,(835)131-8262x656,M,28-05-17
108,Richards-Lee,"7163 Amy Lodge Suite 680
Buchananton, MI 91513",Tracy Perry,(600)164-3403x9771,F,12-07-18
109,Jefferson-West,"Unit 9415 Box 7140
DPO AE 92948",Stephanie Harris,(352)212-9334,F,24-12-16
110,Hughes-Baxter,"9225 Peter Villages
Smithtown, MA 63522",Mr. Randy Henderson,050-734-0076,M,02-06-18
111,Hall and Sons,"2866 Graham Haven
Meyerview, MT 74011",Diana Fowler,(531)361-9660x342,F,05-04-18
112,Anderson-Smith,"9754 Brittney Trace Suite 461
Lake Tina, CO 94035",Jennifer Ramirez,(049)369-4631x1671,F,03-01-18
113,"Padilla, Wilson and Taylor","07485 Griffin Pines
Johnborough, PA 07675",Megan Golden MD,+1-255-247-2570x617,F,12-07-18
114,Manning LLC,"193 Campbell Trace Apt. 485
Wagnerbury, NM 31048",Dennis Chang,484-973-3932,M,06-11-16
115,Jimenez-Crawford,"9128 Davis Stravenue Apt. 107
Alexandriaville, NC 97663",Jane Guzman,001-211-285-8376x0992,F,15-03-19
116,Willis-Mitchell,"254 Stephen Glens Suite 892
West Tammymouth, MS 04862",Sandra Porter,(574)699-2118x790,F,31-12-18
117,Bailey LLC,"541 Angela Canyon Apt. 965
Joannaville, MD 21634",Tracie Flores,428.240.8599x52857,F,31-01-18
118,"Jimenez, Roman and Pearson","985 Garcia Squares Suite 328
Williamsborough, NE 21298",Jimmy Hunter,046-619-7277x856,M,02-11-16
119,Lee-Wheeler,"543 Carla Trail
East Nicoleville, SC 38224",Edward Davis,(042)332-0267,M,16-02-18
120,Nelson PLC,"30080 Ward Radial Suite 976
Meyerland, FL 79640",Travis Lewis,+1-458-297-5388,M,09-05-18
121,Smith and Sons,"3422 Christopher Route
New Brianmouth, TX 11886",Amanda Mitchell,763.481.1652x90151,F,26-04-17
122,Casey Inc,"Unit 5302 Box 1468
DPO AA 16657",Samuel Craig,001-856-424-3935x099,M,29-09-16
123,Duran PLC,"9443 Melissa Ranch
Kelseychester, CT 71692",Raymond Ross,880-606-2111x617,M,01-07-17
124,"Leon, Johnson and Gibson","04070 Schmidt Spur
West Heather, CA 79718",Stephen Watson,001-069-249-1075,M,01-02-18
125,"Carney, Strickland and Ayala","88387 Jeremy Vista Apt. 995
West Sabrina, MI 93748",Austin Flowers,001-314-779-2092x2653,M,28-10-17
126,"Brandt, Silva and Lee","7086 Bird Row Suite 938
New Juanchester, MI 32349",Whitney Hawkins,660.947.1747,F,04-01-18
127,Phillips-Riley,"6273 Walters Unions Suite 034
Lucasside, CT 18236",Mrs. Catherine Ramsey MD,256-076-9239x778,F,22-09-18
128,"Gonzalez, Williams and Lewis","63230 Julie Cliffs Suite 717
New Christopher, NC 94620",Kevin Benjamin,001-167-786-6584x36251,M,31-12-18
129,Nelson and Sons,"32262 Roberts Divide
Lake Dennis, TN 24167",Brittany Fernandez,(725)826-1262,F,02-10-17
130,"Schneider, Torres and Mercado","PSC 0206, Box 4537
APO AA 87173",Bruce Pena,+1-241-132-2451x276,M,03-09-16
131,"Joseph, Carpenter and Adams","4002 Christopher Stravenue
Port Richardton, HI 81697",Angela Fuller,(200)956-5238,F,16-04-19
132,"Kirk, Robertson and Morgan","39444 Tara Lane
North Vickiport, ND 71570",Erika Rodriguez,001-901-025-4483x129,F,27-09-16
133,Vasquez-Turner,"301 Ward Islands
North Austin, PA 61386",Scott Walker,960.116.5702,M,07-01-17
134,"Scott, Washington and Sweeney","Unit 6046 Box 7008
DPO AE 51485",James George,272-827-7460x87634,M,16-06-18
135,Williams-Black,"Unit 1827 Box 2768
DPO AE 26436",Amber Miller,(715)992-0836x40882,F,14-09-17
136,"Valencia, Le and Garza","1619 Boyle Meadows
North Stevestad, ND 93554",Gregory Nash,001-456-718-8375x243,M,12-05-18
137,Webb PLC,"PSC 5294, Box 8664
APO AA 29012",Sylvia Phillips,387-058-4185x92427,F,17-12-18
138,Garcia-Ferrell,"91855 Ethan Junctions
Port Scott, CO 75045",Norman Mitchell,706.350.7708,M,03-05-17
139,"Parker, Gonzales and Anderson","4735 Goodman Trail Apt. 100
Laurafurt, LA 20043",Michael Thompson,001-368-226-9805,M,02-04-19
140,Randall-Arias,"5241 Jason Turnpike
Fergusonmouth, HI 39510",William Graves,(364)487-3320x4441,M,27-07-18
141,"Carter, Kirby and Banks","8152 David Shoal
Moralesside, MN 27547",Ashley Kemp,(419)622-1652,F,04-02-19
142,"Allen, Richardson and Hall","USNS Torres
FPO AE 17820",Jamie White,(509)328-0445,F,30-08-18
143,White-Butler,"8847 Jason Forges
Woodsbury, WA 73290",Cassandra Smith,001-883-411-8790x68217,F,11-03-18
144,Pierce-Smith,"USCGC Bryant
FPO AA 47848",Tiffany Yang,8243479140,F,01-04-19
145,Mcfarland-Powell,"7443 Boyd Falls Suite 402
Leonardburgh, GA 89301",Tracy Miller,+1-882-301-3059x2142,F,01-04-19
146,Solomon-Santos,"45030 Nguyen Meadows Suite 868
Peterborough, CT 54219",Dr. Tammy Martin,001-997-343-2778x3682,F,22-10-17
147,"Lowe, Mcpherson and Hayes","213 Deborah Ferry
Christianstad, VT 10453",Tyler Hill,+1-370-180-2133x507,M,13-12-18
148,Smith PLC,"774 Zimmerman Mount Apt. 464
West Joshuaborough, SC 21399",Robert Rodriguez,(318)666-2544x4953,M,16-08-17
149,Torres-Hanson,"20237 Michael Villages
Port Nicolefurt, AR 57637",John Espinoza,789-007-2686,M,02-11-16
150,Keith Inc,"000 Krueger Lodge Apt. 116
New Alexandratown, WV 01171",Jennifer Clayton,001-364-275-5711x7174,F,13-03-18
151,Espinoza Inc,"16667 Tracy Field Suite 563
Port Timothyfurt, NC 06224",Kayla Morales,558-011-1221,F,02-08-18
152,Santos-Cabrera,"PSC 9134, Box 6145
APO AP 75776",Matthew Cole,941-288-3457x274,M,26-12-16
153,Perez-Villegas,"555 Kevin Ford
Kathrynport, NM 75119",Andrew Gonzales,001-670-935-0102x874,M,20-04-17
154,"Armstrong, Cortez and Ruiz","777 Dean Viaduct
Lake William, TX 77557",Sara Woods,8635405099,F,13-11-16
155,"Hernandez, Hogan and Pena","736 Brown Ville
Vasquezfort, WA 50438",Andrea Spencer,919-354-0025x730,F,09-08-17
156,Lee Ltd,"801 Shawn Ranch Suite 839
Kathleenborough, IA 42259",Michael Hensley,+1-676-386-2276,M,11-07-17
157,Young-Gibbs,"467 Mendez Way
East Holly, MT 64643",Sydney Curtis,(062)744-9766x965,F,03-01-19
158,Allen-Johns,"371 Gary Key
Jenniferborough, NM 65002",Brandon Roberts,866.329.5021,M,05-07-18
159,Levine-Haynes,"64612 Kristen Dam Apt. 056
New Jacqueline, NM 33810",Steven Adams,+1-221-065-0513x93382,M,29-06-18
160,"Barker, Carr and Wang","326 Jason Estates Suite 197
Andrewport, NV 65345",Robert Parker,(921)197-7171x2295,M,12-05-17
161,Murray Ltd,"9536 Christopher Trace
West Katherinemouth, WA 56862",Justin Chandler,364-602-6096x68277,M,17-05-18
162,Lee LLC,"81236 Louis Mountains
Stevenview, LA 18910",Deborah Butler,(782)909-3981,F,30-04-19
163,Perez Ltd,"USS Lara
FPO AP 83618",Robert Weeks,+1-265-529-9779x88141,M,18-02-19
164,Green-Hamilton,"61050 Martha Lock
Port Dianatown, NM 46029",Heather Hughes,001-206-893-6474x9312,F,23-05-16
165,"Johnson, Bond and Brandt","106 Sarah Highway Apt. 725
North Marissashire, WI 45943",Kayla Ramirez,878-037-8644x744,F,03-02-17
166,"Glass, Nelson and Jefferson","331 Freeman Rapid
Lake John, NH 71445",Angela Dickson,+1-375-742-2602x579,F,16-12-16
167,"Garrison, Buckley and Smith","05560 Johnson Plain Apt. 084
Collinston, UT 57050",James Pratt,001-247-857-8456,M,19-07-16
168,Brock and Sons,"1531 Martin Center
Vargaston, IN 16753",Denise Moreno,926-621-0713,F,02-05-19
169,"Barry, Santos and Barajas","90663 Villanueva Brook
North Amychester, MS 74182",Donald Hoffman,121-135-3549,M,09-02-18
170,"Hernandez, Robinson and Wang","09785 Jamie Walk Suite 640
New Anthonyberg, CT 14719",Kristin Flores,939.516.5857,F,29-10-18
171,Jones PLC,"623 Daniel Inlet
Tristanbury, VT 05589",Daniel Castillo MD,(843)884-0500,M,29-09-16
172,"Wright, Newton and Russo","64251 Angela Course Apt. 613
Roblesshire, NH 81000",Brenda Daniels,001-266-942-1182x77553,F,08-04-19
173,Little Inc,"432 Fox Stravenue
Lake Destinyberg, MO 33082",Ashley Guerrero,(702)872-4102x46216,F,02-11-17
174,Bates-Coffey,"83298 Fisher Pike
Port Jeffrey, AZ 63019",Kelsey Allen,1222586725,F,01-04-19
175,"Suarez, Stanley and Rogers","055 Nancy Stravenue Apt. 446
Port Melissabury, WI 46683",Joshua Watson,021.249.2422,M,05-06-17
176,"Johnson, Wood and Williams","867 Jones Mountains Suite 877
North Kevinville, IA 53360",Jennifer Young,001-133-707-0490x777,F,19-09-16
177,"Jackson, Fowler and Reed","24209 Nicole Crescent Suite 594
New Donnamouth, AK 96647",Katie Harrell,235-417-3174,F,04-03-17
178,Higgins LLC,"65444 Jennifer Place
Greenmouth, TX 78416",John Haley,808-629-4632x0171,M,25-12-16
179,Coleman-Lopez,"2922 Waters Cove
New Paulabury, IL 65842",Maria King,001-388-388-3500x56653,F,08-05-18
180,"Curry, Johnson and Hoffman","28217 Jennifer Tunnel
Singhberg, NY 37413",Rachel Snyder,739.955.7960x78078,F,19-02-18
181,Franklin-Wilson,"3306 Miles Parkway
North Heidi, VA 24953",Shirley Lopez,001-270-069-1853,F,05-02-17
182,Schwartz and Sons,"289 Kimberly Mount
South Jessicaberg, WY 47971",Dr. Carolyn Mendoza,+1-68-759-4256,F,02-01-18
183,"Warner, Perez and Choi","90866 Christensen Creek
Davidchester, VT 21265",Jason Cantu,(592)008-3567,M,02-07-17
184,Perez and Sons,"16245 Melinda Dam Suite 952
Ashleyside, CA 22152",Jessica Sanchez,054.056.9716x548,F,03-09-16
185,Hale Ltd,"929 Morgan Garden
East Scott, NV 69838",Mary Johnson,001-048-735-3907,F,15-04-17
186,Harris-Contreras,"USNS Gonzalez
FPO AP 15330",Anthony Hart,(747)396-2226,M,28-12-16
187,"Washington, Huffman and Beasley","433 Mcguire Station
North Carl, PA 03512",Joseph Humphrey,143.418.9691,M,01-06-18
188,"Barrera, Gardner and Diaz","381 King Crossroad
Davidfurt, GA 61847",James Richards DDS,+1-437-519-0847x9848,M,12-09-18
189,Baker-Kelly,"603 White Lake Suite 747
New Kyle, SC 52563",Richard Rangel,(432)321-9515,M,15-10-18
190,Carter Ltd,"639 Richard Meadows
East Tammy, ID 35262",Laura Nguyen,652-196-4175x5704,F,06-08-18
191,"Figueroa, Kent and Powers","76343 Marshall Crescent
Lake Christineland, CT 58252",Cynthia Munoz,661.163.5361,F,10-11-16
192,"Martin, Coleman and Luna","02908 Brian Groves Suite 974
Fitzpatrickside, IA 52025",Stuart Scott,006.991.8556,M,18-05-18
193,Atkinson Group,"26207 Kathleen Falls
Johnsonmouth, TX 56030",Samuel Anderson,(828)845-0293x601,M,11-07-17
194,Stout Ltd,"2688 Smith Rapid
Justinshire, NH 34060",John Hayes,001-702-027-3033x00739,M,04-09-17
195,Campbell and Sons,"167 Cody Estates
South Mathew, MN 58072",Tracy Dillon,313-649-3451,F,22-03-19
196,"Ramirez, Mitchell and Fletcher","Unit 4748 Box 6589
DPO AA 80005",Kathryn Preston,189.390.7188x97679,F,14-01-19
197,Mccormick PLC,"073 Robert Well Apt. 675
Montgomerymouth, MA 25860",Denise Powell,+1-431-961-3753x446,F,20-01-19
198,Burns-Sloan,"5484 Cory Forest
West Carriefort, WV 33031",Tommy Reyes,(248)906-4238x994,M,22-11-16
199,Leonard-Wilson,"598 Tina Tunnel
South Crystalberg, AZ 63803",Robert Franco,450.856.1032x4330,M,31-03-17
200,Moore-Sanchez,"0257 Sutton Parkways Suite 558
South Benjamin, MI 98392",James Robinson,840.723.0293x052,M,14-11-16
